review_content,review_score,date,product_id,display_name,email,order_id,media
Love this product,5,13/01/2023,20946,Lilian G.,review@abera.us,,
Thank y’all for such great service and product.,5,30/12/2022,20946,Jose V.,review@abera.us,,
Great product and works as described!,5,29/12/2022,20946,Lauren J.,review@abera.us,,
Good product,5,29/12/2022,20946,Archil K.,review@abera.us,,
Love it,5,21/10/2022,20946,Nghiem L.,review@abera.us,,https://images.loox.io/uploads/2022/10/21/41WAg6ej7p.jpg
good!!!,5,21/10/2022,20946,Habbe F.,review@abera.us,,https://images.loox.io/uploads/2022/10/21/NJF41li7a.jpg
high quality !!,5,18/10/2022,20946,Ha T.,review@abera.us,,https://images.loox.io/uploads/2022/10/18/Ek6PaMwmT.jpg
fast shipping,5,18/10/2022,20946,Lee N.,review@abera.us,,https://images.loox.io/uploads/2022/10/18/41kFs-v7a.jpg
Good price for an organic product!!!,4,21/10/2022,20946,Len L.,review@abera.us,,https://images.loox.io/uploads/2022/10/21/N1lEk3lom6.jpg
