review_content,review_score,date,product_id,display_name,email,order_id,media
Amazing product has created a beautifull neck,5,24/04/2023,18369,Nami L.,review@abera.us,,https://images.loox.io/uploads/2023/4/24/yjVPQngNo.jpg
"I am old, but my neck is now more beautiful than the young generation. I am so proud of it😚🤗",5,24/04/2023,18369,Stella S.,review@abera.us,,https://images.loox.io/uploads/2023/4/24/ykFrQJKoI.jpg
"This product has changed my life, and I am determined to edit the photo to review this product so that you know how good it is",5,24/04/2023,18369,Good Product,review@abera.us,,https://images.loox.io/uploads/2023/4/24/JOzChi44P.jpg
It has helped me a lot,5,24/04/2023,18369,Alice,review@abera.us,,https://images.loox.io/uploads/2023/4/24/pOaEDQmpsj.jpg
Love itttt 💖,5,10/04/2023,18369,Nefertari X.,review@abera.us,,https://images.loox.io/uploads/2023/4/10/Ms5QFU3Mc.jpg
"I feel like I own a beautiful and charming neck like a Disney princess, oh prince, where are you 😝😜",5,10/04/2023,18369,Princess V.,review@abera.us,,https://images.loox.io/uploads/2023/4/10/XVTbVFB0aO.jpg
"Fast and secure delivery, after using it I feel the quality is great and suitable for my skin, definitely will continue to support 😤",5,10/04/2023,18369,Emma M.,review@abera.us,,https://images.loox.io/uploads/2023/4/10/McUCUPu-K.jpg
Flawlessly beautiful 🤣,5,10/04/2023,18369,Faye Y.,review@abera.us,,https://images.loox.io/uploads/2023/4/10/C6ntR_XT0S.jpg
"I'm so beauty right now 😍
Will continue to support 😘",5,10/04/2023,18369,Angel B.,review@abera.us,,https://images.loox.io/uploads/2023/4/10/9qpHIyc-9y.jpg
👍👍👍,5,10/04/2023,18369,Thomas J.,review@abera.us,,https://images.loox.io/uploads/2023/4/10/wwrClJ_h9.jpg
I am in 3x years old but still have a beautiful neck. I feel so excited and grateful,5,10/04/2023,18369,Elise R.,review@abera.us,,https://images.loox.io/uploads/2023/4/10/U_UzsQXy0.jpg
Sunshine like a diamond 💎,5,10/04/2023,18369,Norabel M.,review@abera.us,,https://images.loox.io/uploads/2023/4/10/WhAzRoRli.jpg
Now I feel more confident when drinking water in crowded places 😂😂,5,10/04/2023,18369,Nelly A.,review@abera.us,,https://images.loox.io/uploads/2023/4/10/zHpKndSHaQ.jpg
Fast and Furious 😂😂😂,5,10/04/2023,18369,Dier Q.,review@abera.us,,https://images.loox.io/uploads/2023/4/10/hYblrYwLX.jpg
"The moisturizer is very comfortable and does not cause any irritation to my skin, even though my skin is extremely sensitive. I am extremely satisfied with it 😍",5,10/04/2023,18369,Bonita B.,review@abera.us,,https://images.loox.io/uploads/2023/4/10/0rYYSnWiG.jpg
"Safe delivery, no damages, quality products 👍",5,10/04/2023,18369,Bonnie R.,review@abera.us,,https://images.loox.io/uploads/2023/4/10/ujjoKIwlG.jpg
"WOW, what a product!!!",5,10/04/2023,18369,Sam F.,review@abera.us,,https://images.loox.io/uploads/2023/4/10/DjHU21Omc.jpg
"This is my neck after using this product, I really like it and will continue to support it",5,10/04/2023,18369,Alice A.,review@abera.us,,https://images.loox.io/uploads/2023/4/10/EjH4GC0Ch.jpg
"The product has beautiful colors and high quality, will continue to support 😀",5,10/04/2023,18369,Calily B.,review@abera.us,,https://images.loox.io/uploads/2023/4/10/x6DGRTVg2.jpg
"Not only does it prevent wrinkles, but it also has a wonderfully gentle scent. It's fantastic",4,24/04/2023,18369,Erastus B.,review@abera.us,,https://images.loox.io/uploads/2023/4/24/2AaI7EZJS.jpg
I love it 😘,4,24/04/2023,18369,Eira S.,review@abera.us,,https://images.loox.io/uploads/2023/4/24/FoMO9mm3im.jpg
"At the age of 40, I never thought I could still have such beautiful neck skin with proper skincare 😊",4,24/04/2023,18369,Dilys W.,review@abera.us,,https://images.loox.io/uploads/2023/4/24/MYOduU1CO.jpg
"I used to have many wrinkles, now I can confidently talk to other people",4,24/04/2023,18369,Alma G.,review@abera.us,,https://images.loox.io/uploads/2023/4/24/6E1TW7bJK.jpg
Good👍,4,24/04/2023,18369,Emma A.,review@abera.us,,https://images.loox.io/uploads/2023/4/24/IdMAy12fs.jpg
