review_content,review_score,date,product_id,display_name,email,order_id,media
Very Good!,5,21/03/2023,50956,Elise R.,review@abera.us,,https://images.loox.io/uploads/2023/4/16/oVnw9F4nw.jpg
fast shipping,5,25/02/2023,50956,Pearl V.,review@abera.us,,https://images.loox.io/uploads/2023/4/16/g18N8xHxOH.jpg
Good!,5,21/02/2023,50956,Victor T.,review@abera.us,,https://images.loox.io/uploads/2023/4/16/q0F-lVbsfe.jpg
it's very comfortable,5,19/02/2023,50956,Norabel M.,review@abera.us,,https://images.loox.io/uploads/2023/4/16/B7hot20j8tg.jpg
Good!,5,18/02/2023,50956,Angel B.,review@abera.us,,https://images.loox.io/uploads/2023/4/16/70iTBWLEUX.jpg
it really works,5,17/02/2023,50956,Emma M.,review@abera.us,,https://images.loox.io/uploads/2023/4/16/EmYsA8ulnD.jpg
I was quite surprised by its use,5,15/02/2023,50956,P V.,review@abera.us,,https://images.loox.io/uploads/2023/4/16/dYakDN6TnK.jpg
Unexpected effect,5,15/02/2023,50956,Alex D.,review@abera.us,,https://images.loox.io/uploads/2023/4/16/sfSNQeWrVU.jpg
Good!,5,20/01/2023,50956,Thomas J.,review@abera.us,,https://images.loox.io/uploads/2023/4/16/kLDS2wYkv.jpg
