review_content,review_score,date,product_id,display_name,email,order_id,media
I use this every night to help prevent wrinkles & brighten my under eyes. You only need VERY little to use this product. I gave a comparison for reference as to how small the squeeze container is for anyone who is questioning. I only just started this about 10 days ago so I see no real difference yet but again it's only been 10 days and aging takes a while. I'm getting into more skin care & self care so this is more of a luxury item for myself rather than a need.,5,20/04/2023,50931,Ava L.,review@abera.us,,https://images.loox.io/uploads/2023/6/26/ein7aaAm9GC.jpg
I really like this eye cream. I'm 34 and have been getting more sun lately so have put my skincare into overdrive to battle any aging that it may cause I love this stuff. I have been using it daily for 2.5 weeks and I see a difference in my crows feet. Very happy.,5,15/04/2023,50931,Emma T.,review@abera.us,,https://images.loox.io/uploads/2023/6/26/un7d3wbvInl.jpg
"I do love Rena products
Thank You",5,12/04/2023,50931,Emma W.,review@abera.us,,https://images.loox.io/uploads/2023/6/26/6IpYmaUFeXg.jpg
Es un producto que refresca la zona de los ojos en especial la parte de donde se forman las ojeras,5,05/04/2023,50931,Emily C.,review@abera.us,,https://images.loox.io/uploads/2023/6/26/qSi8Ie6Vx73.jpg
Luv the Loka Nano Neck Cream! It's helped me with fine lines/wrinkles on my eyes & brightened under my eyes,5,03/04/2023,50931,Grace P.,review@abera.us,,https://images.loox.io/uploads/2023/6/26/FYeErKIe7.jpg
Me encantó! Hidrata mucho y deja una sensación de suavidad en los ojos.,5,22/03/2023,50931,William T.,review@abera.us,,https://images.loox.io/uploads/2023/6/26/JeGoaTjerW.jpg
This is very hydrating yet not sticky nor does it give a greasy look on the delicate skin around the eyes.,5,17/03/2023,50931,Beverly C.,review@abera.us,,https://images.loox.io/uploads/2023/6/26/2CL86tHq_I.jpg
Good product,5,16/03/2023,50931,Rachel C.,review@abera.us,,https://images.loox.io/uploads/2023/6/26/bKeMOwEhsl.jpg
"After about a week of consistent use, I noticed a visible change. The wrinkles are still there ofcourse, but my skin is more hydrated and shiny, the wrinkles are less visible. Holds up well under make-up.",5,12/03/2023,50931,Katherine J.,review@abera.us,,https://images.loox.io/uploads/2023/6/26/YuvNEI8Kd.jpg
Works great. No irritation. Affordable. Sometimes hard to find in store but usually available on Amazon. Love Rena products.,5,10/03/2023,50931,Grace K.,review@abera.us,,https://images.loox.io/uploads/2023/6/26/6nrPeJy3AM.jpg
It's use it under your eyes,5,10/03/2023,50931,Emily E.,review@abera.us,,https://images.loox.io/uploads/2023/6/26/1ZyDknvMk.jpg
"Right after applying we feel like it made us feel better, looks less puffy. It's thinner than other eye creams we've tried but that makes it easier to apply and we liked that too.",5,22/02/2023,50931,Sarah G.,review@abera.us,,https://images.loox.io/uploads/2023/6/26/A77EkNrb1j.jpg
My spouse brought this product no reaction yet works okay.,5,08/02/2023,50931,Julia S.,review@abera.us,,https://images.loox.io/uploads/2023/6/26/zHtARs1E8.jpg
"This product works very well, I am very pleased with the results. It really did dissipate my eye bags. 2 applications a day really works.",5,22/01/2023,50931,Lucas L.,review@abera.us,,https://images.loox.io/uploads/2023/6/26/j1xCgghFkj.jpg
Five weeks use. Not bad!,4,08/04/2023,50931,Oliver W.,review@abera.us,,https://images.loox.io/uploads/2023/6/26/Eby2xtzAbrI.jpg
"After a month or so of use, I can say that I can see a difference. When I wear it under my concealer there's very few wrinkles visible for my make up to settle into. Leaves my under eyes moisturized and does seem to reduce the look of wrinkles.",4,22/03/2023,50931,Sophia B.,review@abera.us,,https://images.loox.io/uploads/2023/6/26/fFOphV2hw.jpg
Ayuda con el contorno de ojos y muy humectante.,4,02/03/2023,50931,Samantha L.,review@abera.us,,https://images.loox.io/uploads/2023/6/26/SPy6i4YLC.jpg
Had been dealing with bags under my old man eyes. Saw improvement after only a few days of use.,4,14/02/2023,50931,Laura J.,review@abera.us,,https://images.loox.io/uploads/2023/6/26/PN1sCLSUT.jpg
I got one to try it and I am hooked. It really works. It is a awesome product. I’m going to order more. It’s worth the money.,4,01/02/2023,50931,Lucille C.,review@abera.us,,https://images.loox.io/uploads/2023/6/26/lKEXl-GPO6.jpg
